email,first_name,last_name,email_verified,external_id,password_hash,password_hash_type,metadata,org_external_id,org_name,role_slugs
alice.johnson@acme.com,Alice,Johnson,true,user_01,$2a$10$fgPOubgdJs90F1GK2u.Qye7Xyyi2ajrQJoB5LDG5bnITEvFR/xhZ.,bcrypt,"{""clerk_user_id"":""user_01"",""username"":""alicej"",""primary_phone_number"":""+15551000001"",""verified_phone_numbers"":""+15551000001"",""verified_email_addresses"":""alice.johnson@acme.com""}",acme-corp,Acme Corporation,"super-admin,org-admin"
bob.martinez@acme.com,Bob,Martinez,true,user_02,$2a$10$fgPOubgdJs90F1GK2u.Qye7Xyyi2ajrQJoB5LDG5bnITEvFR/xhZ.,bcrypt,"{""clerk_user_id"":""user_02"",""username"":""bobm"",""verified_email_addresses"":""bob.martinez@acme.com""}",acme-corp,Acme Corporation,org-editor
carol.williams@acme.com,Carol,Williams,true,user_03,$2a$10$fgPOubgdJs90F1GK2u.Qye7Xyyi2ajrQJoB5LDG5bnITEvFR/xhZ.,bcrypt,"{""clerk_user_id"":""user_03"",""username"":""carolw"",""primary_phone_number"":""+15551000003"",""verified_phone_numbers"":""+15551000003"",""verified_email_addresses"":""carol.williams@acme.com""}",acme-corp,Acme Corporation,org-editor
david.brown@acme.com,David,Brown,true,user_04,$2a$10$fgPOubgdJs90F1GK2u.Qye7Xyyi2ajrQJoB5LDG5bnITEvFR/xhZ.,bcrypt,"{""clerk_user_id"":""user_04"",""username"":""davidb"",""verified_email_addresses"":""david.brown@acme.com""}",acme-corp,Acme Corporation,org-viewer
emma.davis@acme.com,Emma,Davis,true,user_05,$2a$10$fgPOubgdJs90F1GK2u.Qye7Xyyi2ajrQJoB5LDG5bnITEvFR/xhZ.,bcrypt,"{""clerk_user_id"":""user_05"",""username"":""emmad"",""verified_email_addresses"":""emma.davis@acme.com""}",acme-corp,Acme Corporation,org-viewer
frank.garcia@globex.io,Frank,Garcia,true,user_06,$2a$10$fgPOubgdJs90F1GK2u.Qye7Xyyi2ajrQJoB5LDG5bnITEvFR/xhZ.,bcrypt,"{""clerk_user_id"":""user_06"",""username"":""frankg"",""primary_phone_number"":""+15551000006"",""verified_phone_numbers"":""+15551000006"",""verified_email_addresses"":""frank.garcia@globex.io""}",globex-io,Globex Industries,org-admin
grace.lee@globex.io,Grace,Lee,true,user_07,$2a$10$fgPOubgdJs90F1GK2u.Qye7Xyyi2ajrQJoB5LDG5bnITEvFR/xhZ.,bcrypt,"{""clerk_user_id"":""user_07"",""username"":""gracel"",""verified_email_addresses"":""grace.lee@globex.io""}",globex-io,Globex Industries,org-editor
henry.wilson@globex.io,Henry,Wilson,true,user_08,$2a$10$fgPOubgdJs90F1GK2u.Qye7Xyyi2ajrQJoB5LDG5bnITEvFR/xhZ.,bcrypt,"{""clerk_user_id"":""user_08"",""username"":""henryw"",""verified_email_addresses"":""henry.wilson@globex.io""}",globex-io,Globex Industries,org-viewer
iris.taylor@globex.io,Iris,Taylor,true,user_09,$2a$10$fgPOubgdJs90F1GK2u.Qye7Xyyi2ajrQJoB5LDG5bnITEvFR/xhZ.,bcrypt,"{""clerk_user_id"":""user_09"",""username"":""irist"",""primary_phone_number"":""+15551000009"",""verified_phone_numbers"":""+15551000009"",""verified_email_addresses"":""iris.taylor@globex.io""}",globex-io,Globex Industries,org-viewer
jack.anderson@globex.io,Jack,Anderson,true,user_10,$2a$10$fgPOubgdJs90F1GK2u.Qye7Xyyi2ajrQJoB5LDG5bnITEvFR/xhZ.,bcrypt,"{""clerk_user_id"":""user_10"",""username"":""jacka"",""verified_email_addresses"":""jack.anderson@globex.io""}",globex-io,Globex Industries,org-viewer
karen.thomas@initech.co,Karen,Thomas,true,user_11,$2a$10$fgPOubgdJs90F1GK2u.Qye7Xyyi2ajrQJoB5LDG5bnITEvFR/xhZ.,bcrypt,"{""clerk_user_id"":""user_11"",""username"":""karent"",""primary_phone_number"":""+15551000011"",""verified_phone_numbers"":""+15551000011"",""verified_email_addresses"":""karen.thomas@initech.co""}",initech-co,Initech Corp,org-admin
leo.jackson@initech.co,Leo,Jackson,true,user_12,$2a$10$fgPOubgdJs90F1GK2u.Qye7Xyyi2ajrQJoB5LDG5bnITEvFR/xhZ.,bcrypt,"{""clerk_user_id"":""user_12"",""username"":""leoj"",""verified_email_addresses"":""leo.jackson@initech.co""}",initech-co,Initech Corp,org-editor
mia.white@initech.co,Mia,White,true,user_13,$2a$10$fgPOubgdJs90F1GK2u.Qye7Xyyi2ajrQJoB5LDG5bnITEvFR/xhZ.,bcrypt,"{""clerk_user_id"":""user_13"",""username"":""miaw"",""verified_email_addresses"":""mia.white@initech.co""}",initech-co,Initech Corp,org-editor
noah.harris@initech.co,Noah,Harris,true,user_14,$2a$10$fgPOubgdJs90F1GK2u.Qye7Xyyi2ajrQJoB5LDG5bnITEvFR/xhZ.,bcrypt,"{""clerk_user_id"":""user_14"",""username"":""noahh"",""verified_email_addresses"":""noah.harris@initech.co""}",initech-co,Initech Corp,org-viewer
olivia.clark@initech.co,Olivia,Clark,true,user_15,$2a$10$fgPOubgdJs90F1GK2u.Qye7Xyyi2ajrQJoB5LDG5bnITEvFR/xhZ.,bcrypt,"{""clerk_user_id"":""user_15"",""username"":""oliviac"",""primary_phone_number"":""+15551000015"",""verified_phone_numbers"":""+15551000015"",""verified_email_addresses"":""olivia.clark@initech.co""}",initech-co,Initech Corp,org-viewer
paul.lewis@wayneent.com,Paul,Lewis,true,user_16,$2a$10$fgPOubgdJs90F1GK2u.Qye7Xyyi2ajrQJoB5LDG5bnITEvFR/xhZ.,bcrypt,"{""clerk_user_id"":""user_16"",""username"":""paull"",""verified_email_addresses"":""paul.lewis@wayneent.com""}",wayne-ent,Wayne Enterprises,org-admin
quinn.robinson@wayneent.com,Quinn,Robinson,true,user_17,$2a$10$fgPOubgdJs90F1GK2u.Qye7Xyyi2ajrQJoB5LDG5bnITEvFR/xhZ.,bcrypt,"{""clerk_user_id"":""user_17"",""username"":""quinnr"",""verified_email_addresses"":""quinn.robinson@wayneent.com""}",wayne-ent,Wayne Enterprises,org-editor
rachel.walker@wayneent.com,Rachel,Walker,true,user_18,$2a$10$fgPOubgdJs90F1GK2u.Qye7Xyyi2ajrQJoB5LDG5bnITEvFR/xhZ.,bcrypt,"{""clerk_user_id"":""user_18"",""username"":""rachelw"",""primary_phone_number"":""+15551000018"",""verified_phone_numbers"":""+15551000018"",""verified_email_addresses"":""rachel.walker@wayneent.com""}",wayne-ent,Wayne Enterprises,org-viewer
sam.young@wayneent.com,Sam,Young,true,user_19,$2a$10$fgPOubgdJs90F1GK2u.Qye7Xyyi2ajrQJoB5LDG5bnITEvFR/xhZ.,bcrypt,"{""clerk_user_id"":""user_19"",""username"":""samy"",""verified_email_addresses"":""sam.young@wayneent.com""}",wayne-ent,Wayne Enterprises,org-viewer
tina.king@wayneent.com,Tina,King,true,user_20,$2a$10$fgPOubgdJs90F1GK2u.Qye7Xyyi2ajrQJoB5LDG5bnITEvFR/xhZ.,bcrypt,"{""clerk_user_id"":""user_20"",""username"":""tinak"",""verified_email_addresses"":""tina.king@wayneent.com""}",wayne-ent,Wayne Enterprises,org-viewer
uma.scott@freelance.dev,Uma,Scott,true,user_21,$2a$10$fgPOubgdJs90F1GK2u.Qye7Xyyi2ajrQJoB5LDG5bnITEvFR/xhZ.,bcrypt,"{""clerk_user_id"":""user_21"",""username"":""umas"",""verified_email_addresses"":""uma.scott@freelance.dev""}",,,platform-editor
victor.adams@freelance.dev,Victor,Adams,true,user_22,,,"{""clerk_user_id"":""user_22"",""username"":""victora"",""verified_email_addresses"":""victor.adams@freelance.dev""}",,,support-agent
wendy.baker@freelance.dev,Wendy,Baker,true,user_23,,,"{""clerk_user_id"":""user_23"",""username"":""wendyb"",""verified_email_addresses"":""wendy.baker@freelance.dev""}",,,platform-editor
xander.cole@freelance.dev,Xander,Cole,true,user_24,$2a$10$fgPOubgdJs90F1GK2u.Qye7Xyyi2ajrQJoB5LDG5bnITEvFR/xhZ.,bcrypt,"{""clerk_user_id"":""user_24"",""username"":""xanderc"",""primary_phone_number"":""+15551000024"",""verified_phone_numbers"":""+15551000024"",""verified_email_addresses"":""xander.cole@freelance.dev""}",,,support-agent
yara.diaz@freelance.dev,Yara,Diaz,true,user_25,$2a$10$fgPOubgdJs90F1GK2u.Qye7Xyyi2ajrQJoB5LDG5bnITEvFR/xhZ.,bcrypt,"{""clerk_user_id"":""user_25"",""username"":""yarad"",""verified_email_addresses"":""yara.diaz@freelance.dev""}",,,platform-editor
