id,first_name,last_name,username,primary_email_address,primary_phone_number,verified_email_addresses,unverified_email_addresses,verified_phone_numbers,unverified_phone_numbers,totp_secret,password_digest,password_hasher
user_01,Alice,Johnson,alicej,alice.johnson@acme.com,+15551000001,alice.johnson@acme.com,,+15551000001,,,$2a$10$fgPOubgdJs90F1GK2u.Qye7Xyyi2ajrQJoB5LDG5bnITEvFR/xhZ.,bcrypt
user_02,Bob,Martinez,bobm,bob.martinez@acme.com,,bob.martinez@acme.com,,,,,$2a$10$fgPOubgdJs90F1GK2u.Qye7Xyyi2ajrQJoB5LDG5bnITEvFR/xhZ.,bcrypt
user_03,Carol,Williams,carolw,carol.williams@acme.com,+15551000003,carol.williams@acme.com,,+15551000003,,,$2a$10$fgPOubgdJs90F1GK2u.Qye7Xyyi2ajrQJoB5LDG5bnITEvFR/xhZ.,bcrypt
user_04,David,Brown,davidb,david.brown@acme.com,,david.brown@acme.com,,,,,$2a$10$fgPOubgdJs90F1GK2u.Qye7Xyyi2ajrQJoB5LDG5bnITEvFR/xhZ.,bcrypt
user_05,Emma,Davis,emmad,emma.davis@acme.com,,emma.davis@acme.com,,,,,$2a$10$fgPOubgdJs90F1GK2u.Qye7Xyyi2ajrQJoB5LDG5bnITEvFR/xhZ.,bcrypt
user_06,Frank,Garcia,frankg,frank.garcia@globex.io,+15551000006,frank.garcia@globex.io,,+15551000006,,,$2a$10$fgPOubgdJs90F1GK2u.Qye7Xyyi2ajrQJoB5LDG5bnITEvFR/xhZ.,bcrypt
user_07,Grace,Lee,gracel,grace.lee@globex.io,,grace.lee@globex.io,,,,,$2a$10$fgPOubgdJs90F1GK2u.Qye7Xyyi2ajrQJoB5LDG5bnITEvFR/xhZ.,bcrypt
user_08,Henry,Wilson,henryw,henry.wilson@globex.io,,henry.wilson@globex.io,,,,,$2a$10$fgPOubgdJs90F1GK2u.Qye7Xyyi2ajrQJoB5LDG5bnITEvFR/xhZ.,bcrypt
user_09,Iris,Taylor,irist,iris.taylor@globex.io,+15551000009,iris.taylor@globex.io,,+15551000009,,,$2a$10$fgPOubgdJs90F1GK2u.Qye7Xyyi2ajrQJoB5LDG5bnITEvFR/xhZ.,bcrypt
user_10,Jack,Anderson,jacka,jack.anderson@globex.io,,jack.anderson@globex.io,,,,,$2a$10$fgPOubgdJs90F1GK2u.Qye7Xyyi2ajrQJoB5LDG5bnITEvFR/xhZ.,bcrypt
user_11,Karen,Thomas,karent,karen.thomas@initech.co,+15551000011,karen.thomas@initech.co,,+15551000011,,,$2a$10$fgPOubgdJs90F1GK2u.Qye7Xyyi2ajrQJoB5LDG5bnITEvFR/xhZ.,bcrypt
user_12,Leo,Jackson,leoj,leo.jackson@initech.co,,leo.jackson@initech.co,,,,,$2a$10$fgPOubgdJs90F1GK2u.Qye7Xyyi2ajrQJoB5LDG5bnITEvFR/xhZ.,bcrypt
user_13,Mia,White,miaw,mia.white@initech.co,,mia.white@initech.co,,,,,$2a$10$fgPOubgdJs90F1GK2u.Qye7Xyyi2ajrQJoB5LDG5bnITEvFR/xhZ.,bcrypt
user_14,Noah,Harris,noahh,noah.harris@initech.co,,noah.harris@initech.co,,,,,$2a$10$fgPOubgdJs90F1GK2u.Qye7Xyyi2ajrQJoB5LDG5bnITEvFR/xhZ.,bcrypt
user_15,Olivia,Clark,oliviac,olivia.clark@initech.co,+15551000015,olivia.clark@initech.co,,+15551000015,,,$2a$10$fgPOubgdJs90F1GK2u.Qye7Xyyi2ajrQJoB5LDG5bnITEvFR/xhZ.,bcrypt
user_16,Paul,Lewis,paull,paul.lewis@wayneent.com,,paul.lewis@wayneent.com,,,,,$2a$10$fgPOubgdJs90F1GK2u.Qye7Xyyi2ajrQJoB5LDG5bnITEvFR/xhZ.,bcrypt
user_17,Quinn,Robinson,quinnr,quinn.robinson@wayneent.com,,quinn.robinson@wayneent.com,,,,,$2a$10$fgPOubgdJs90F1GK2u.Qye7Xyyi2ajrQJoB5LDG5bnITEvFR/xhZ.,bcrypt
user_18,Rachel,Walker,rachelw,rachel.walker@wayneent.com,+15551000018,rachel.walker@wayneent.com,,+15551000018,,,$2a$10$fgPOubgdJs90F1GK2u.Qye7Xyyi2ajrQJoB5LDG5bnITEvFR/xhZ.,bcrypt
user_19,Sam,Young,samy,sam.young@wayneent.com,,sam.young@wayneent.com,,,,,$2a$10$fgPOubgdJs90F1GK2u.Qye7Xyyi2ajrQJoB5LDG5bnITEvFR/xhZ.,bcrypt
user_20,Tina,King,tinak,tina.king@wayneent.com,,tina.king@wayneent.com,,,,,$2a$10$fgPOubgdJs90F1GK2u.Qye7Xyyi2ajrQJoB5LDG5bnITEvFR/xhZ.,bcrypt
user_21,Uma,Scott,umas,uma.scott@freelance.dev,,uma.scott@freelance.dev,,,,,$2a$10$fgPOubgdJs90F1GK2u.Qye7Xyyi2ajrQJoB5LDG5bnITEvFR/xhZ.,bcrypt
user_22,Victor,Adams,victora,victor.adams@freelance.dev,,victor.adams@freelance.dev,,,,,,
user_23,Wendy,Baker,wendyb,wendy.baker@freelance.dev,,wendy.baker@freelance.dev,,,,,"$argon2id$v=19$m=65536,t=3,p=4$abc123",argon2
user_24,Xander,Cole,xanderc,xander.cole@freelance.dev,+15551000024,xander.cole@freelance.dev,,+15551000024,,,$2a$10$fgPOubgdJs90F1GK2u.Qye7Xyyi2ajrQJoB5LDG5bnITEvFR/xhZ.,bcrypt
user_25,Yara,Diaz,yarad,yara.diaz@freelance.dev,,yara.diaz@freelance.dev,,,,,$2a$10$fgPOubgdJs90F1GK2u.Qye7Xyyi2ajrQJoB5LDG5bnITEvFR/xhZ.,bcrypt
